Model,Accuracy,Precision,Recall,F1 Score,Training Time (sec)
Gradient Boosting,0.919,0.9193340987370838,0.919,0.9191327555530047,3.2075085639953613
Random Forest,0.894,0.8953024373257245,0.894,0.8943662825542116,0.7927529811859131
Logistic Regression,0.871,0.8730494932077068,0.871,0.8717162969407967,1.3474812507629395
Decision Tree,0.82,0.8173513991387281,0.82,0.8180106142079285,0.05169534683227539
